Workbook

Sheet ticket
A1: ticket_id | B1: created_at | C1: closed_at | D1: outlet_id | E1: cms_id | F1: Same Day? | G1: Same Hour?
A2: isu-tgd-rxc-acgp | B2: 2023-09-21 07:33:32 | C2: 45190.329 | D2: out-ssk-pvau | E2: vew-siey-53 | F2: =IF(INT(B2)=INT(C2),TRUE,FALSE) -> TRUE | G2: =IF(AND(INT(B2)=INT(C2), HOUR(B2)=HOUR(C2)), TRUE, FALSE) -> TRUE
A3: isu-nzjo-psbf-zwwj | B3: 2021-03-09 11:56:59 | C3: 2021-03-17 06:56:59 | D3: out-qjjf-srbq | E3: vew-ngmh-91 | F3: =IF(INT(B3)=INT(C3),TRUE,FALSE) -> FALSE | G3: =IF(AND(INT(B3)=INT(C3), HOUR(B3)=HOUR(C3)), TRUE, FALSE) -> FALSE
A4: isu-xos-rkx-ddto | B4: 2022-02-20 22:06:12 | C4: 2022-02-21 15:06:12 | D4: out-xkfz-cbcq | E4: vew-ukbj-69 | F4: =IF(INT(B4)=INT(C4),TRUE,FALSE) -> FALSE | G4: =IF(AND(INT(B4)=INT(C4), HOUR(B4)=HOUR(C4)), TRUE, FALSE) -> FALSE
A5: isu-lyw-ztnc-vnfj | B5: 2022-04-01 22:28:40 | C5: 2022-04-06 14:28:40 | D5: out-oun-pmc | E5: vew-jzug-40 | F5: =IF(INT(B5)=INT(C5),TRUE,FALSE) -> FALSE | G5: =IF(AND(INT(B5)=INT(C5), HOUR(B5)=HOUR(C5)), TRUE, FALSE) -> FALSE
A6: isu-gwl-ytr-krjx | B6: 2023-10-22 21:17:36 | C6: 2023-10-27 23:17:36 | D6: out-dfip-pas | E6: vew-bbai-75 | F6: =IF(INT(B6)=INT(C6),TRUE,FALSE) -> FALSE | G6: =IF(AND(INT(B6)=INT(C6), HOUR(B6)=HOUR(C6)), TRUE, FALSE) -> FALSE
A7: isu-uecl-kwbq-bsu | B7: 2023-01-05 06:27:11 | C7: 2023-01-07 21:27:11 | D7: out-gel-emwb | E7: vew-vwcq-79 | F7: =IF(INT(B7)=INT(C7),TRUE,FALSE) -> FALSE | G7: =IF(AND(INT(B7)=INT(C7), HOUR(B7)=HOUR(C7)), TRUE, FALSE) -> FALSE
A8: isu-jzg-hssu-ehzp | B8: 2022-09-15 23:51:56 | C8: 2022-09-16 15:51:56 | D8: out-tbp-bnw | E8: vew-bbwk-82 | F8: =IF(INT(B8)=INT(C8),TRUE,FALSE) -> FALSE | G8: =IF(AND(INT(B8)=INT(C8), HOUR(B8)=HOUR(C8)), TRUE, FALSE) -> FALSE
A9: isu-fsgk-lyya-bfg | B9: 2023-03-24 02:45:08 | C9: 2023-03-27 11:45:08 | D9: out-wwje-pzra | E9: vew-vhry-27 | F9: =IF(INT(B9)=INT(C9),TRUE,FALSE) -> FALSE | G9: =IF(AND(INT(B9)=INT(C9), HOUR(B9)=HOUR(C9)), TRUE, FALSE) -> FALSE
A10: isu-fqgm-clh-idz | B10: 2021-11-24 04:50:33 | C10: 2021-12-01 20:50:33 | D10: out-tol-cyr | E10: vew-dajo-65 | F10: =IF(INT(B10)=INT(C10),TRUE,FALSE) -> FALSE | G10: =IF(AND(INT(B10)=INT(C10), HOUR(B10)=HOUR(C10)), TRUE, FALSE) -> FALSE
A11: isu-uwkq-yge-wat | B11: 2023-11-03 01:04:47 | C11: 2023-11-04 04:04:47 | D11: out-ukrt-guc | E11: vew-wwfv-68 | F11: =IF(INT(B11)=INT(C11),TRUE,FALSE) -> FALSE | G11: =IF(AND(INT(B11)=INT(C11), HOUR(B11)=HOUR(C11)), TRUE, FALSE) -> FALSE
A12: isu-jnrv-ycze-apiu | B12: 2022-03-09 19:04:29 | C12: 2022-03-10 13:04:29 | D12: out-pnko-blnu | E12: vew-rytf-65 | F12: =IF(INT(B12)=INT(C12),TRUE,FALSE) -> FALSE | G12: =IF(AND(INT(B12)=INT(C12), HOUR(B12)=HOUR(C12)), TRUE, FALSE) -> FALSE
A13: isu-isoe-rxqh-hfu | B13: 2022-04-26 10:58:04 | C13: 2022-05-03 13:58:04 | D13: out-mlfm-rhr | E13: vew-qcyg-49 | F13: =IF(INT(B13)=INT(C13),TRUE,FALSE) -> FALSE | G13: =IF(AND(INT(B13)=INT(C13), HOUR(B13)=HOUR(C13)), TRUE, FALSE) -> FALSE
A14: isu-xosj-grat-ufu | B14: 2021-04-24 03:13:59 | C14: 2021-04-29 00:13:59 | D14: out-bgwl-rzpy | E14: vew-xpsn-80 | F14: =IF(INT(B14)=INT(C14),TRUE,FALSE) -> FALSE | G14: =IF(AND(INT(B14)=INT(C14), HOUR(B14)=HOUR(C14)), TRUE, FALSE) -> FALSE
... A34: isu-btzc-jle-suoc | B34: 2021-10-09 19:17:21 | C34: 2021-10-11 08:17:21 | D34: out-etb-hrm | E34: vew-lhtc-65 | F34: =IF(INT(B34)=INT(C34),TRUE,FALSE) -> FALSE | G34: =IF(AND(INT(B34)=INT(C34), HOUR(B34)=HOUR(C34)), TRUE, FALSE) -> FALSE
A35: isu-fyt-hdml-jsn | B35: 2023-07-21 00:27:14 | C35: 45128.04 | D35: out-bwba-woo | E35: vew-skca-51 | F35: =IF(INT(B35)=INT(C35),TRUE,FALSE) -> TRUE | G35: =IF(AND(INT(B35)=INT(C35), HOUR(B35)=HOUR(C35)), TRUE, FALSE) -> TRUE
A36: isu-nkii-ubqn-xjs | B36: 2022-11-08 19:11:53 | C36: 2022-11-15 02:11:53 | D36: out-gdf-tre | E36: vew-umtt-67 | F36: =IF(INT(B36)=INT(C36),TRUE,FALSE) -> FALSE | G36: =IF(AND(INT(B36)=INT(C36), HOUR(B36)=HOUR(C36)), TRUE, FALSE) -> FALSE
A37: isu-upjb-lbvb-pnm | B37: 2022-11-18 22:42:41 | C37: 2022-11-25 16:42:41 | D37: out-lvq-pnyl | E37: vew-vvzc-92 | F37: =IF(INT(B37)=INT(C37),TRUE,FALSE) -> FALSE | G37: =IF(AND(INT(B37)=INT(C37), HOUR(B37)=HOUR(C37)), TRUE, FALSE) -> FALSE
A38: isu-xkur-uqb-okg | B38: 2021-09-04 14:29:15 | C38: 2021-09-08 12:29:15 | D38: out-ipd-irrd | E38: vew-scoq-52 | F38: =IF(INT(B38)=INT(C38),TRUE,FALSE) -> FALSE | G38: =IF(AND(INT(B38)=INT(C38), HOUR(B38)=HOUR(C38)), TRUE, FALSE) -> FALSE
A39: isu-ite-ehu-rwq | B39: 2022-04-25 19:21:42 | C39: 2022-04-27 18:21:42 | D39: out-eesq-sbj | E39: vew-szpt-67 | F39: =IF(INT(B39)=INT(C39),TRUE,FALSE) -> FALSE | G39: =IF(AND(INT(B39)=INT(C39), HOUR(B39)=HOUR(C39)), TRUE, FALSE) -> FALSE
A40: isu-unke-udg-wocv | B40: 2022-11-16 10:39:42 | C40: 2022-11-21 09:39:42 | D40: out-hth-vcx | E40: vew-vxyk-60 | F40: =IF(INT(B40)=INT(C40),TRUE,FALSE) -> FALSE | G40: =IF(AND(INT(B40)=INT(C40), HOUR(B40)=HOUR(C40)), TRUE, FALSE) -> FALSE
A41: isu-udhv-tmp-afd | B41: 2022-05-11 01:25:59 | C41: 2022-05-12 03:25:59 | D41: out-chhb-qqbv | E41: vew-mnqo-28 | F41: =IF(INT(B41)=INT(C41),TRUE,FALSE) -> FALSE | G41: =IF(AND(INT(B41)=INT(C41), HOUR(B41)=HOUR(C41)), TRUE, FALSE) -> FALSE
A42: isu-njy-kmq-gaui | B42: 2021-10-18 23:34:07 | C42: 2021-10-26 02:34:07 | D42: out-uti-jiq | E42: vew-vrzm-33 | F42: =IF(INT(B42)=INT(C42),TRUE,FALSE) -> FALSE | G42: =IF(AND(INT(B42)=INT(C42), HOUR(B42)=HOUR(C42)), TRUE, FALSE) -> FALSE
A43: isu-nzog-hwb-hulk | B43: 2021-03-07 02:22:00 | C43: 2021-03-10 11:22:00 | D43: out-xkzm-jugc | E43: vew-llze-47 | F43: =IF(INT(B43)=INT(C43),TRUE,FALSE) -> FALSE | G43: =IF(AND(INT(B43)=INT(C43), HOUR(B43)=HOUR(C43)), TRUE, FALSE) -> FALSE
A44: isu-jbwj-hzyb-jury | B44: 2022-10-24 22:45:31 | C44: 2022-10-26 17:45:31 | D44: out-wrl-buj | E44: vew-jopr-57 | F44: =IF(INT(B44)=INT(C44),TRUE,FALSE) -> FALSE | G44: =IF(AND(INT(B44)=INT(C44), HOUR(B44)=HOUR(C44)), TRUE, FALSE) -> FALSE
A45: isu-gctm-xdus-zhx | B45: 2022-05-04 09:08:19 | C45: 2022-05-11 08:08:19 | D45: out-fdbe-zvzz | E45: vew-rsoh-48 | F45: =IF(INT(B45)=INT(C45),TRUE,FALSE) -> FALSE | G45: =IF(AND(INT(B45)=INT(C45), HOUR(B45)=HOUR(C45)), TRUE, FALSE) -> FALSE
A46: isu-aoju-pci-ntvb | B46: 2021-08-04 17:42:18 | C46: 2021-08-07 06:42:18 | D46: out-qlri-tdn | E46: vew-wvnh-30 | F46: =IF(INT(B46)=INT(C46),TRUE,FALSE) -> FALSE | G46: =IF(AND(INT(B46)=INT(C46), HOUR(B46)=HOUR(C46)), TRUE, FALSE) -> FALSE
A47: isu-dhnn-ppe-vova | B47: 2021-11-01 22:39:57 | C47: 2021-11-08 17:39:57 | D47: out-yug-tkq | E47: vew-mqhy-71 | F47: =IF(INT(B47)=INT(C47),TRUE,FALSE) -> FALSE | G47: =IF(AND(INT(B47)=INT(C47), HOUR(B47)=HOUR(C47)), TRUE, FALSE) -> FALSE
... A51: isu-dray-elk-rkux | B51: 2023-01-17 08:25:44 | C51: 2023-01-19 04:25:44 | D51: out-sno-niex | E51: vew-ijus-92 | F51: =IF(INT(B51)=INT(C51),TRUE,FALSE) -> FALSE | G51: =IF(AND(INT(B51)=INT(C51), HOUR(B51)=HOUR(C51)), TRUE, FALSE) -> FALSE

Sheet Count - Same Day

Sheet Count - Same Hour

Sheet feedbacks
A1: cms_id | B1: feedback_at | C1: feedback_rating | D1: ticket_created_at
A2: vew-siey-53 | B2: 44429.56 | C2: 3 | D2: {=INDEX(ticket!B:B, MATCH(A2, ticket!E:E, 0))} -> 2023-09-21 07:33:32
A3: vew-ngmh-91 | B3: 44430.56 | C3: 2 | D3: {=INDEX(ticket!B:B, MATCH(A3, ticket!E:E, 0))} -> 2021-03-09 11:56:59
A4: vew-ukbj-69 | B4: 44431.56 | C4: 4 | D4: {=INDEX(ticket!B:B, MATCH(A4, ticket!E:E, 0))} -> 2022-02-20 22:06:12
A5: vew-jzug-40 | B5: 44432.56 | C5: 5 | D5: {=INDEX(ticket!B:B, MATCH(A5, ticket!E:E, 0))} -> 2022-04-01 22:28:40
A6: vew-bbai-75 | B6: 44433.56 | C6: 3 | D6: {=INDEX(ticket!B:B, MATCH(A6, ticket!E:E, 0))} -> 2023-10-22 21:17:36
A7: vew-vwcq-79 | B7: 44434.56 | C7: 2 | D7: {=INDEX(ticket!B:B, MATCH(A7, ticket!E:E, 0))} -> 2023-01-05 06:27:11
A8: vew-bbwk-82 | B8: 44435.56 | C8: 4 | D8: {=INDEX(ticket!B:B, MATCH(A8, ticket!E:E, 0))} -> 2022-09-15 23:51:56
A9: vew-vhry-27 | B9: 44436.56 | C9: 5 | D9: {=INDEX(ticket!B:B, MATCH(A9, ticket!E:E, 0))} -> 2023-03-24 02:45:08
A10: vew-dajo-65 | B10: 44437.56 | C10: 3 | D10: {=INDEX(ticket!B:B, MATCH(A10, ticket!E:E, 0))} -> 2021-11-24 04:50:33
A11: vew-wwfv-68 | B11: 44438.56 | C11: 2 | D11: {=INDEX(ticket!B:B, MATCH(A11, ticket!E:E, 0))} -> 2023-11-03 01:04:47
A12: vew-rytf-65 | B12: 44439.56 | C12: 4 | D12: {=INDEX(ticket!B:B, MATCH(A12, ticket!E:E, 0))} -> 2022-03-09 19:04:29
A13: vew-qcyg-49 | B13: 44440.56 | C13: 5 | D13: {=INDEX(ticket!B:B, MATCH(A13, ticket!E:E, 0))} -> 2022-04-26 10:58:04
... A51: vew-ijus-92 | B51: 44478.56 | C51: 2 | D51: {=INDEX(ticket!B:B, MATCH(A51, ticket!E:E, 0))} -> 2023-01-17 08:25:44
